Nama Lengkap,Email,No Telepon,Kata Sandi
maul,maul@uii.co.id,0899,12121212
eco,eco@uii.co.id,0897,12345678
Setla,setla@uii.co.id,0877,12345678
setla,setla@uii.co.id,0877,12345678
maul,maul@uii.co.id,0899,12121212
1,1@gmail.com,089678816368,12345678
1,1@gmail.com,089678816368,12345678
1,1@gmail.com,089778816268,12345678
Wilda Maulida,wilda@gmail.com,089772276564,wilda259
maul,maul@uii.co.id,0899,12121212
eco,eco@uii.co.id,0897,12345678
Setla,setla@uii.co.id,0877,12345678
setla,setla@uii.co.id,0877,12345678
maul,maul@uii.co.id,0899,12121212
1,1@gmail.com,089678816368,12345678
1,1@gmail.com,089678816368,12345678
1,1@gmail.com,089778816268,12345678
Wilda Maulida,wilda@gmail.com,089772276564,wilda259
wildam,123@gmail.com,08998787876,09876543
